pair_id,source_text_en,comment_text,source_has_negation,translation_has_negation,human_fidelity,human_label_preserved,human_fluency,human_notes
pair_01005,ddofinternet first you get a bottle of water second you drink it third you become more depressed fourth depression,DoFinternet đầu tiên bạn nhận được một chai nước thứ hai bạn uống nó thứ ba bạn trở nên trầm cảm hơn thứ tư trầm cảm,False,False,,,,
pair_00603,ayodi avico allannyash depression,ayodi avico allannyash trầm cảm,False,False,,,,
pair_00528,third post on this subreddit from this account most day are anxiety inducing i spend the majority of my life in my bed no job struggling to,bài đăng thứ ba trên subreddit này từ tài khoản này hầu hết các ngày là lo lắng gây ra tôi dành phần lớn cuộc sống của tôi trong giường tôi không có công việc đấu tranh để,True,True,,,,
pair_00174,damnit i wa really digging this season of reaper http www tv com story 0 html ref story id 0 amp ref type 0 amp ref name story,Chết tiệt tôi thực sự đào sâu mùa thu hoạch này http www tv com câu chuyện 0 html ref câu chuyện id 0 amp ref loại 0 amp ref tên câu chuyện,False,False,,,,
pair_00253,fuuuuuuuuuuuuuuuuuuuuuuuuuuuuuuuuuuuuuuuuuuuuuuck,Fooooooooooooooooooooooooooooooooooooo,False,False,,,,
pair_00608,wizarab 0 aunty said this would spiral her back into depression i just can t abeg sneaker,Wizarab 0 dì nói điều này sẽ khiến cô ấy trở lại trầm cảm.,False,False,,,,
pair_00646,pepperoni roll in l a i called valentino s they said that they had sausage roll but no pepperoni roll http tinyurl com cec ka,Pepperoni Roll ở L a I gọi là Valentino s họ nói rằng họ có xúc xích Roll nhưng không có pepperoni Roll http Tinyurl com cec ka,True,True,,,,
pair_00420,must be depression fr,phải là trầm cảm fr,False,False,,,,
pair_00576,yinkapost man fell into depression y all should relax,Một người đàn ông đã rơi vào trầm cảm và tất cả mọi người nên thư giãn.,False,False,,,,
pair_00140,ia awake but ha to go into school today,Tôi tỉnh táo nhưng phải đi học hôm nay.,False,False,,,,
pair_00460,itsnicari obeyalliance good morning depression,sự vâng lời của nó. Chào buổi sáng trầm cảm.,False,False,,,,
pair_00774,cinoshikacho j assumerai pa moi c s r la derni re fois j ai fait une d pression post concert,Sinoshikacho đã đảm nhận cho tôi c s r lần cuối tôi đã làm một áp lực sau buổi hòa nhạc,False,False,,,,
pair_00567,how do you keep going when you feel like nothing is going well,Làm sao anh có thể tiếp tục khi anh cảm thấy như không có gì diễn ra tốt đẹp?,True,True,,,,
pair_00933,theekween depression anxiety loss of love one heartbreak trauma thelmasherbs,giữa trầm cảm lo lắng mất đi tình yêu một chấn thương đau lòng,False,False,,,,
pair_00345,metalgearobama people with depression should not,metalgearobama những người bị trầm cảm không nên,True,True,,,,
pair_01065,i am vengeance batman is just emo if we had a superhero his tag line would be i am economic depression,Tôi là Batman trả thù chỉ là emo nếu chúng ta có một siêu anh hùng thì câu khẩu hiệu của anh ta sẽ là tôi là kinh tế trầm cảm,False,False,,,,
pair_00692,i know it seems contradictory but hear me out when my anxiety start acting up i seclude myself then that lead to feeling of depression and,Tôi biết điều đó có vẻ mâu thuẫn nhưng nghe tôi nói khi sự lo lắng của tôi bắt đầu hoạt động lên tôi cô lập bản thân sau đó dẫn đến cảm giác trầm cảm và,False,False,,,,
pair_00026,nick carter time for warcraft yes but for a simple game of a group of fan no just let u know if u figure it out you want the prize,Nick Carter thời gian cho Warcraft có nhưng cho một trò chơi đơn giản của một nhóm người hâm mộ không chỉ để bạn biết nếu bạn tìm ra nó bạn muốn giải thưởng,True,True,,,,
pair_00173,itspink what boyzone are reforming i m never aware of anything,Rõ ràng là Boyzone đang cải cách gì. Tôi không bao giờ biết gì cả.,True,True,,,,
pair_00126,http twitpic com y vn remember these day neither do i siiiiike i miss my old body someday soon u shall be miiiiine,http twitpic com y vn nhớ những ngày này cũng không như tôi nhớ cơ thể cũ của tôi một ngày nào đó sớm nhất bạn sẽ là tôi,True,True,,,,
pair_00727,stephenkruiser oh my sympathy it s a hard decision i always hope my old border collie will go in her sleep she s too hug,"Stephenkruiser Ôi, sự đồng cảm của tôi. Đó là một quyết định khó khăn. Tôi luôn hy vọng cô gái cũ của tôi sẽ ngủ.",False,False,,,,
pair_00492,that tiktok ab trying combat depression daily wow it is so right,rằng tiktok ab cố gắng chiến đấu trầm cảm hàng ngày wow nó là rất đúng,False,False,,,,
pair_00944,inspiredwriting i love how i can could easily read and tweed while working with twitter com i m reloading all the time,viết cảm hứng tôi thích cách tôi có thể dễ dàng đọc và tweet trong khi làm việc với twitter com tôi tải lại mọi lúc,False,False,,,,
pair_00113,is my life over i m m i ve never really had many friend and have lonely and depressed for pretty much all my life my family situation ha always,Tôi chưa bao giờ có nhiều người bạn và cô đơn và trầm cảm trong hầu hết cuộc đời tôi tình hình gia đình tôi luôn luôn,True,True,,,,
pair_00450,the back road a tweet on depression in le than 0 character http t co hi oucfa m,đường sau một tweet về trầm cảm trong le than 0 nhân vật http t co hi oucfa m,False,False,,,,
pair_00351,it hasn t gotten any better i did it almost year ago and the feeling of trying again ha gotten worse no matter how much i try it s not good,Nó không tốt hơn tôi đã làm nó gần như một năm trước và cảm giác cố gắng một lần nữa đã trở nên tồi tệ hơn bất kể tôi cố gắng bao nhiêu nó không tốt,True,True,,,,
pair_00860,new article from obmneurobiology antidepressant treatment of depression in the elderly efficacy and safety consideration http t co hsu g pvhn,bài viết mới từ Obmneurobiology điều trị chống trầm cảm của trầm cảm ở người già tính hiệu quả và an toàn http t co hsu g pvhn,False,False,,,,
pair_00839,where s my heat and grazia subscription he s probably delivered them next door,Nơi nào là thuê bao của tôi và ông ấy có lẽ đã giao chúng cho bạn bên cạnh.,False,False,,,,
pair_00026,openaccess thejcpp evidence for machine learning guided early prediction of acute outcome in the treatment of depressed child and adolescent,mở ra các bằng chứng jcpp cho học máy hướng dẫn dự đoán sớm về kết quả cấp tính trong điều trị trẻ em và thanh thiếu niên trầm cảm,False,False,,,,
pair_00829,i have no trauma or especially horrible experience it took me yr to even admit to myself that i m most likely depressed i thought that i would,Tôi không có chấn thương hay kinh nghiệm khủng khiếp nhất. Tôi phải thừa nhận với bản thân mình rằng tôi rất có thể bị trầm cảm. Tôi nghĩ rằng tôi sẽ...,True,True,,,,
pair_00832,i really want a new job not particually a better one just a new one,Tôi thực sự muốn một công việc mới không đặc biệt là tốt hơn chỉ là một công việc mới,True,True,,,,
pair_00261,i just want a hug right now i pissed my gf off and i just want to know that i m forgiven or at least told it s ok,Tôi chỉ muốn một cái ôm ngay bây giờ Tôi đã làm phiền GF của tôi và tôi chỉ muốn biết rằng tôi đã tha thứ hoặc ít nhất nói rằng nó là ok,False,False,,,,
pair_00040,phil hellmuth so sad,Phil Hellmuth quá buồn,False,False,,,,
pair_00489,argh finally figured out whats killing inquizitor game on jailbroken device about 0 star review too late though fix on the way,Argh cuối cùng đã tìm ra những gì giết chết game thanh tra trên jailbroken thiết bị về 0 sao đánh giá quá muộn mặc dù sửa chữa trên đường,False,False,,,,
pair_00733,miss kabalin hate me,Cô Kabalin ghét tôi.,False,False,,,,
pair_00417,pinkserendipity yes sprint ha g only in baltimore and chicago so far,Pinkerserendipity có thể chạy đua chỉ ở Baltimore và Chicago cho đến nay,False,False,,,,
pair_00200,i spent my 0 s in a real mess i let anxiety get the better of me and quit a job outright with nothing to go to i developed agoraphobia and lied,Tôi đã dành thời gian của mình trong một rắc rối thực sự Tôi đã để sự lo lắng vượt qua tôi và bỏ việc hoàn toàn không có gì để đi đến Tôi phát triển agoraphobia và nói dối,True,True,,,,
pair_00927,i ve had a lot of anxiety about taking antidepressant but i finally did it after having a couple really really bad week recently first day is,Tôi đã có rất nhiều lo lắng về việc dùng thuốc chống trầm cảm nhưng cuối cùng tôi đã làm nó sau khi có một vài tuần thực sự rất tồi tệ gần đây ngày đầu tiên là,False,False,,,,
pair_00774,dat some fast internet we ll probably be stuck with that 0 though http digg com d o kd,Dát một số internet nhanh chúng ta có thể sẽ bị mắc kẹt với đó 0 mặc dù http digg com d o kd,False,False,,,,
pair_00509,struggling hard with inventory,đấu tranh chăm chỉ với hàng tồn kho,False,False,,,,
pair_01066,ow ow ow tummy ache too much candy i never learn,Chú đau bụng quá nhiều kẹo tôi không bao giờ học được,True,True,,,,
pair_00133,they can get so unbelievably scary i do everything i can to avoid it happening because people give me 0 sympathy about it sometimes i start,Họ có thể trở nên đáng sợ đến nỗi tôi làm mọi thứ để tránh nó xảy ra bởi vì mọi người cho tôi 0 sự đồng cảm về nó đôi khi tôi bắt đầu,False,False,,,,
pair_00105,i wa in my car actually but it wa a bad time to start cry i know it sound pathetic but i felt my emotion build up and started remembering thing,Tôi đã ngồi trong xe của tôi thực sự nhưng đó là một thời điểm tồi tệ để bắt đầu khóc Tôi biết nó nghe có vẻ đáng thương nhưng tôi cảm thấy cảm xúc của tôi tích lũy và bắt đầu nhớ điều,False,False,,,,
pair_00658,just heard eminem s new single it s official he fell off just heard eminem s new single it s official he fell off,Tôi vừa nghe thấy đĩa đơn mới của Eminem. Nó chính thức.,False,False,,,,
pair_00605,stupid arranged marriage i ll convert so you can marry me love you,Nữ hôn ngớ ngẩn sắp xếp. Tôi sẽ chuyển đổi để cô có thể cưới tôi.,False,False,,,,
pair_00285,hey there everyone one of my biggest symptom ha been an extremely tight chest which seems to come over randomly for about 0 0 min sometimes,Này mọi người một trong những triệu chứng lớn nhất của tôi là một ngực cực kỳ chặt chẽ dường như đến qua ngẫu nhiên trong khoảng 0 0 phút đôi khi,False,False,,,,
pair_00127,axon those got cancelled now everybody else is rattling my brain amp makin me cuss something terrible,"Axon, chúng bị hủy bỏ rồi. Giờ thì mọi người khác đang lắc lắc bộ não của tôi.",False,False,,,,
pair_00912,bliss peace rest ease solidified finite,hạnh phúc hòa bình nghỉ ngơi dễ dàng vững chắc hữu hạn,False,False,,,,
pair_00514,deiondrasanders i m always up late i wish i wa a morning person but i m not,Deiondrasanders Tôi luôn thức muộn Tôi ước mình là một người sáng nhưng tôi không,True,True,,,,
pair_00794,i hope everyone ha a wonderful life you all deserve good thing i m too tired,Tôi hy vọng tất cả mọi người có một cuộc sống tuyệt vời tất cả các bạn đều xứng đáng một điều tốt đẹp tôi quá mệt mỏi,False,False,,,,
pair_00523,dachesterfrench i emailed you yesterday and u never responded,"Dachester French, tôi gửi email cho anh hôm qua và anh không bao giờ trả lời.",True,True,,,,
pair_00616,craigelder proof reading defra greener living fund bid only a govt dept could have a grant application deadline this close to easter,Craigelder chứng minh đọc defra xanh hơn quỹ sống đấu thầu chỉ một bộ phận chính phủ có thể có một hạn hạn nộp đơn tài trợ gần như này Easter,False,False,,,,
pair_00320,kailuh dis guy wa talking about his brother s cock and thats all i feel like talking about ewww you can figure out the rest,Kailuh là một người đàn ông đang nói về con cái của anh trai của mình và đó là tất cả những gì tôi cảm thấy muốn nói về ewww bạn có thể tìm ra phần còn lại,False,False,,,,
pair_01039,boagworld the profile picture make a happy return i think i need a new promo picture,Boagworld hình ảnh hồ sơ làm cho một trở lại hạnh phúc Tôi nghĩ tôi cần một hình ảnh quảng cáo mới,False,False,,,,
pair_00891,hi everyone in the past few year that i have been living alone a a student i noticed myself falling into period of time where i would not leave,Hi tất cả mọi người trong vài năm qua tôi đã sống một mình một sinh viên tôi nhận thấy mình rơi vào thời gian mà tôi không muốn rời đi,True,True,,,,
pair_00821,just found that if i use window to browse twitter com the firewall software will automatically turn off and the pc hang,Chỉ mới phát hiện ra rằng nếu tôi sử dụng cửa sổ để duyệt twitter com phần mềm tường lửa sẽ tự động tắt và máy tính sẽ treo,False,False,,,,
pair_00537,henrygooden oddchicken i went there about a month and a half ago wa still open then smelt really good but i wa getting sick,Henrygooden kỳ lạ gà Tôi đã đến đó khoảng một tháng rưỡi trước vẫn còn mở sau đó có mùi rất tốt nhưng tôi bị bệnh,False,False,,,,
pair_00230,commit suicide or selfharm,tự sát hoặc tự sát,False,False,,,,
pair_00672,this post covid depression is making me go through it,Bệnh trầm cảm này khiến tôi phải trải qua nó.,False,False,,,,
pair_00099,mentalhealth depression http t co new ybx 9u http t co juf9dkhiku,Tâm lý sức khỏe trầm cảm http t co new ybx 9u http t co juf9dkhiku,False,False,,,,
pair_00073,i m trying to take a sick mental health day but it s not working i m so paranoid i won t get to graduate eighth grade for having absence yeah,Tôi đang cố gắng để có một ngày sức khỏe tâm thần bệnh tật nhưng nó không làm việc Tôi quá hoang tưởng Tôi sẽ không được tốt nghiệp lớp tám vì bị vắng mặt,True,True,,,,
pair_00587,mandy moore quot cry quot http twt fm 009 quot a walk to remember quot by far my favorite movie so sad i cried like a baby,Mandy Moore quot cry quot http twt fm 009 quot một bước đi để nhớ quot bởi xa phim yêu thích của tôi rất buồn tôi đã khóc như một đứa trẻ,False,False,,,,
pair_00479,she s a afraid of you somebody killed herself bcos of depression after sexual assault by you,Cô ấy sợ anh. Ai đó tự sát vì trầm cảm sau khi bị tấn công tình dục bởi anh.,False,False,,,,
pair_00312,outoutout dunno i ve emailed their website a amp r sent a tweet but no reply they ve probably got bored of fan remixers bugging them,Không biết tôi đã gửi email cho trang web của họ một AMP đã gửi một tweet nhưng không trả lời họ có lẽ đã chán những fan remixers nghe họ,True,True,,,,
pair_01043,theekween heart break trauma anxiety depression pain of losing a loved one thelmasherbs thelmasherbs thelmasherbs,giữa đau tim vỡ chấn thương lo lắng trầm cảm đau mất một người thân yêu thelmasherbs thelmasherbs thelmasherbs,False,False,,,,
pair_00231,can anxiety and panic attack cause pain in the back of the thigh,lo lắng và cơn hoảng loạn có thể gây ra đau đớn ở lưng đùi,False,False,,,,
pair_00909,jillglavan soooo disappointed your t i party is when i leave for vega i wa so jacked up when you first talked about it now nothing,Jillglavan rất thất vọng bữa tiệc của anh là khi tôi rời khỏi Vega Tôi đã quá sốc khi bạn lần đầu tiên nói về nó bây giờ không có gì,True,True,,,,
pair_00740,i fear i may go into a depression pit i miss my friend,Tôi sợ tôi có thể rơi vào một cái hố trầm cảm. Tôi nhớ bạn tôi.,False,False,,,,
pair_00245,so i m f and i finished college right when the pandemic hit march 0 0 so my internship got cancelled and i ended up getting no experience in my,"Vì vậy, tôi và tôi đã hoàn thành đại học ngay khi đại dịch xảy ra vào tháng 3 0 vì vậy thực tập của tôi đã bị hủy bỏ và cuối cùng tôi không có kinh nghiệm trong ngành của mình",True,True,,,,
pair_00126,caused me to choke on my dinner and puke up half a chicken or maybe the chicken wa poisoned how do i know,khiến tôi bị ngạt vào bữa tối và nôn ra một nửa con gà hoặc có lẽ con gà đã bị nhiễm độc làm sao tôi biết,False,False,,,,
pair_00396,it s just too much how do you know you re close is it when you start planning the detail,Đó là quá nhiều làm sao bạn biết bạn đang gần đó là khi bạn bắt đầu lập kế hoạch chi tiết,False,False,,,,
pair_00562,i tried to change thing and live happier but nothing i do work so im just gon na give up bye,Tôi đã cố gắng thay đổi mọi thứ và sống hạnh phúc hơn nhưng không có gì tôi làm làm việc vì vậy tôi chỉ không thể từ bỏ lời tạm biệt,True,True,,,,
pair_00538,wren internet hug yep i know the feeling,Wren Internet em em em biết cảm giác,False,False,,,,
pair_00915,hi i wa diagnosed with gad panic disorder about 0 year ago and i ve tried multiple different ssri benzos i m currently on xanax but i ve been,Hi I was diagnosed with Gad panic disorder about 0 year ago và i've tried multiple different ssri benzos i'm currently on xanax nhưng i've been,False,False,,,,
pair_00008,i m feeling so hopeless right about now and just want to be free of this pain i m going through nothing seems to be going right for me and it,Tôi cảm thấy vô vọng ngay bây giờ và chỉ muốn được thoát khỏi nỗi đau này tôi đang trải qua không có gì dường như đang diễn ra đúng cho tôi và nó,True,True,,,,
pair_00842,wow everyone ha abandoned twitter,Wow mọi người đã bỏ qua twitter,False,False,,,,
pair_00376,it s true i truly love jessicabardot she wa there for me during a dark time and i appreciate her so much for being there during my depression,"Thật vậy, tôi thực sự yêu Jessica Bardot. Cô ấy đã giúp tôi trong những thời gian đen tối và tôi rất biết ơn cô ấy vì cô ấy đã giúp tôi trong thời kỳ trầm cảm của tôi.",False,False,,,,
pair_00223,dangerm0use i think maybe you should get a couple more hour of sleep hon how productive can you be right now if ur dog tired i worry,Dangerm0use Tôi nghĩ rằng có lẽ bạn nên ngủ thêm vài giờ nữa con gái bạn có thể làm việc hiệu quả như thế nào ngay bây giờ nếu con chó của bạn mệt mỏi tôi lo lắng,False,False,,,,
pair_00784,going home make me want to kill myself,về nhà khiến tôi muốn tự sát.,False,False,,,,
pair_00353,no that s not him in the picture i don t have any pic yet,"Không, đó không phải là anh ta trong bức ảnh. Tôi vẫn chưa có bức ảnh nào.",True,True,,,,
pair_00771,min till home time and counting i have a craving to visit the mac store but they will have closed by the time i get there,min đến giờ về nhà và đếm tôi có một ham muốn đến thăm cửa hàng mac nhưng họ sẽ đóng cửa trước khi tôi đến đó,False,False,,,,
pair_00377,travian total cost of the atk for the aggressor 0 resource all said and done i m guessing he s not going to let that slide,travian tổng chi phí của ATK cho kẻ tấn công 0 tài nguyên tất cả đã nói và làm tôi đoán anh ta sẽ không để cho nó trượt,True,True,,,,
pair_00742,aniita 0 yes i did that s a sad topic for me haha i am not going to the concert it s very far and probably very expensive,Aniita 0 vâng tôi đã làm điều đó là một chủ đề buồn cho tôi haha tôi không đi đến buổi hòa nhạc nó là rất xa và có lẽ rất đắt tiền,True,True,,,,
pair_00156,what are you been doing lately how life s going for you in my side i started studying at college i m very proud of what i ve accomplished mostly,Anh đang làm gì gần đây? Cuộc sống của anh thế nào ở bên cạnh tôi. Tôi bắt đầu học đại học. Tôi rất tự hào về những gì tôi đã đạt được.,False,False,,,,
pair_00789,the nd account is suspended tho let them rejoice depression is eating them all up,NND tài khoản bị đình chỉ để họ vui mừng trầm cảm đang ăn thịt họ tất cả,False,False,,,,
pair_00248,blimmin heck i m slightly tired and i still didn t see no otalia,Tôi hơi mệt mỏi và tôi vẫn không thấy Otalya.,True,True,,,,
pair_00592,all i ever do is fucking annoy people lmao they re all going to leave me,Tất cả những gì tôi làm là làm phiền mọi người vì họ sẽ bỏ tôi.,False,False,,,,
pair_00591,i smoked for the first time in month and now i m freaking out and idk what to do edit i m all good now blocked out the stress for a little bit,Tôi hút thuốc lần đầu tiên trong một tháng và bây giờ tôi đang hoảng loạn và tôi biết phải làm gì edit tôi ổn bây giờ đã chặn lại căng thẳng một chút,False,False,,,,
pair_00503,get inflow i got adhd anxiety depression it s a fun time,"Tôi bị ADHD, trầm cảm lo lắng.",False,False,,,,
pair_00139,preferably without becoming addicted,tốt nhất là không bị nghiện,True,True,,,,
pair_00960,how do y all cope with depression,Làm thế nào các bạn có thể đối phó với trầm cảm?,False,False,,,,
pair_00823,choclatdrop 0 he s not paying me any attn,Choclatdrop 0 anh ta không trả tiền cho tôi,True,True,,,,
pair_00921,ooooooooooooh my headddd uncle johnny i never should have agreed to work the town election for you when i got that drunk last night ow,Ooooooooh chú đầu của tôi Johnny Tôi không bao giờ nên đồng ý làm việc bầu cử thị trấn cho bạn khi tôi đã say rượu tối qua,True,True,,,,
pair_00555,greyhoundgal omg front page i d be so excited congratulation sorry about torres hurting his paw tho is that your dog,Greyhoundgal Omg trang đầu tiên tôi sẽ rất phấn khích chúc mừng xin lỗi về Torres làm tổn thương chân của mình tho đó là con chó của bạn,False,False,,,,
pair_00759,gemhostofficial jwu po from depression nap,gemhostofficial jwu po từ trầm cảm ngủ trưa,False,False,,,,
pair_00838,that depression can sieze today,rằng trầm cảm có thể lây lan ngày nay,False,False,,,,
pair_00244,why the absolute f ck is this world so f cked up every single day i see a bunch of fake as people and a shitty world nobody give a f ck about,Tại sao thế giới này lại là thế giới tuyệt đối mà tôi thấy một đám người giả như mọi người và một thế giới tồi tệ mà không ai quan tâm đến.,True,True,,,,
pair_00621,i dont remember the first year of my life due to my father and his friend molesting me till mum finally managed to get away from him my earliest,Tôi không nhớ năm đầu tiên của cuộc đời tôi do cha tôi và bạn của mình quấy rối tôi cho đến khi mẹ cuối cùng đã có thể thoát khỏi anh ta sớm nhất của tôi,True,True,,,,
pair_01087,no one care literally no one care even the mental health service they discharged me because i wasn t engaging with them enough and my case is,"Không ai quan tâm, nghĩa đen không ai quan tâm, thậm chí cả dịch vụ y tế tâm thần cũng không quan tâm. Họ đã cho tôi ra khỏi nhà vì tôi không liên hệ với họ đủ và trường hợp của tôi là",True,True,,,,
pair_00465,i came from my ex boyfriend year ago i lived year only like i wa breathing air and nothing more no interest no hobby no people only my room an,Tôi đến từ ex bạn trai của tôi năm trước tôi sống năm chỉ như tôi đang thở không khí và không có gì hơn không quan tâm không có sở thích không có người chỉ phòng của tôi một,True,True,,,,
pair_00222,mizzzidc depression for shoe ma am sit down,Mizzzidc trầm cảm cho đôi giày tôi ngồi xuống,False,False,,,,
pair_00101,i want to be dead ive been suicidal for year im such a fucking retard filled with regret and anger im done with life i want all of this to stop,Tôi muốn chết. Tôi đã tự sát trong một năm. Tôi là một kẻ chậm chạp đầy hối tiếc và giận dữ. Tôi đã làm xong cuộc sống. Tôi muốn tất cả chuyện này chấm dứt.,False,False,,,,
pair_00505,hi twiitters i ammm sooooo tired right nowwww falling asleep on msn i am thinking a le lazy day today p xx,Hi Tweitters Tôi đang rất mệt mỏi ngay bây giờ www ngủ trên msn Tôi đang nghĩ về một ngày lười biếng hôm nay p xx,False,False,,,,
pair_00782,i tried to end my misery last week but my boyfriend intervened since then he told me he is emotionally checked out but yet we are still together,Tôi đã cố gắng chấm dứt nỗi đau của mình tuần trước nhưng bạn trai tôi đã can thiệp kể từ đó anh ấy nói với tôi rằng anh ấy đã kiểm tra tình cảm nhưng chúng tôi vẫn ở bên nhau,False,False,,,,
pair_00767,depression your mom taking your sneaker it s well,trầm cảm mẹ em đang lấy giày đi.,False,False,,,,
pair_00426,fighter kev it s funny how they are all facing stress sorrow and depression then,"KJV Đúng là buồn cười khi họ phải đối mặt với căng thẳng, nỗi buồn và trầm cảm.",False,False,,,,
pair_00382,stephenkruiser i m so sorry to hear that it s always sad when we lose those close to u a we loved them,Stephen Cruiser Tôi rất tiếc khi nghe rằng luôn buồn khi chúng ta mất những người thân yêu và chúng ta yêu thương họ,False,False,,,,
pair_00935,unc bruno saula tobiloba una get am bruh will jus b like we meeuve while some lady fit hit depression straight,Unc Bruno Saula Tobiloba Una Get Am bruh sẽ jus b như chúng ta meeuve trong khi một người phụ nữ phù hợp tấn công trầm cảm thẳng,False,False,,,,
pair_00848,my whip cream is melting,kem đập của tôi đang tan chảy.,False,False,,,,
pair_01036,theekween thelmasherbs make people forget unpleasant event such a depression anxiety loss of a loved one heart break and any traumatic event,"Trong khi đó, các loại thảo dược làm cho mọi người quên một sự kiện khó chịu như trầm cảm, lo lắng, mất một người thân đau tim và bất kỳ sự kiện chấn thương nào.",False,False,,,,
pair_00231,i better be allowed to go to sway sway baby concert or i ll seriously cry,Tôi nên được cho phép đến buổi hòa nhạc Sway Baby hoặc tôi sẽ khóc nghiêm túc.,False,False,,,,
pair_00582,rustyrockets will you be showing me some love you sexy swine feeling abit lonely go on you know you wan na x,Rustyrockets anh sẽ cho em thấy một chút tình yêu anh thợ cừu sexy cảm thấy cô đơn,False,False,,,,
pair_00057,curse my yoghurt exploded in my bag on the way to work now everything smell like toffee,Lời nguyền rủa tôi sữa chua của tôi đã nổ tung trong túi của tôi trên đường đi làm bây giờ tất cả mọi thứ mùi như cà phê,False,False,,,,
pair_00142,my mom basically invalidated my feeling now i feel like doing sewerslide,Mẹ tôi thực sự đã vô hiệu hóa cảm giác của tôi bây giờ tôi cảm thấy muốn làm đường thoát nước,False,False,,,,
pair_00144,well everyone after a super adventurous day luke ha gone home let u all morn the loss of a hero im off to continue playing sims,Được rồi mọi người sau một ngày phiêu lưu siêu Luke đã về nhà để tất cả các bạn sáng mất một anh hùng tôi đi để tiếp tục chơi Sims,False,False,,,,
pair_00744,i don t eat junk drink only water and tea don t eat dairy and even tried stopping with gluten not taking any med,Tôi không ăn rác uống chỉ nước và trà Tôi không ăn sữa và thậm chí đã cố gắng ngừng dùng gluten không dùng thuốc,True,True,,,,
pair_01037,just washed the huge pile of post binge depression dish from my bedside table who s proud of me,Tôi vừa rửa cái đống đồ ăn trầm cảm lớn từ bàn giường của tôi. Ai tự hào về tôi?,False,False,,,,
pair_00975,time to get me as in gear and start the day,thời gian để đưa tôi như trong thiết bị và bắt đầu ngày,False,False,,,,
pair_00291,the star citizen tv and azimio blogger are internally suffering from depression hatred denial the fact that kenya kwanza is the biggest,Star Citizen TV và Azimio blogger đang phải chịu đựng trầm cảm nội bộ. Hận thù phủ nhận thực tế rằng Kenya kwanza là một trong những người lớn nhất,False,False,,,,
pair_00570,nothing in life is enjoyable not to mention that i have like missing assignment i could be doing right now,Không có gì trong cuộc sống là thú vị mà không kể rằng tôi có như mất nhiệm vụ tôi có thể làm ngay bây giờ,True,True,,,,
pair_00687,kal penn oh my gosh i m still emotionally dying at the fact that kutner s gone arggg kal ily,"Kal Penn Ôi Chúa ơi, tôi vẫn cảm xúc chết vì sự thật là Kutner đã đi Arggg Kal Ily.",False,False,,,,
pair_00324,mediccasts the alternative is suicide which is the most selfish and coward move there is people who consider that ha no sympathy from me,Mediccasts thay thế là tự tử đó là động thái ích kỷ và hèn nhát nhất có những người nghĩ rằng không có sự đồng cảm từ tôi,True,True,,,,
pair_00972,talking bout depression girl i just got off the pill,Nói về một cô gái bị trầm cảm. Tôi vừa giảm thuốc.,False,False,,,,
pair_00349,anyone else having trouble accessing their reply when i click on the link on the right nothing happens i can t access them,ai cũng gặp khó khăn trong việc truy cập câu trả lời của họ khi tôi nhấp vào liên kết bên phải không có gì xảy ra tôi không thể truy cập họ,True,True,,,,
pair_00141,sasii i know exactly how you feel,"Sasii, tôi biết chính xác cảm giác của cô.",False,False,,,,
pair_00093,so i recently started my first customer service job and wa doing well until it came to order taking i wa making order before at the register,"Vì vậy, gần đây tôi bắt đầu công việc dịch vụ khách hàng đầu tiên của tôi và đã làm tốt cho đến khi nó đến để đặt hàng",False,False,,,,
pair_00794,need to stop sleeping all day cause some problem when you re wide awake at am,cần phải ngừng ngủ suốt cả ngày gây ra một số vấn đề khi bạn đang thức dậy ở am,False,False,,,,
pair_00040,in my profile if you want to read it,trong hồ sơ của tôi nếu bạn muốn đọc nó,False,False,,,,
pair_00461,geez what a busy afternoon meeting email meeting and email and more meeting pm and the day is still going ah it dark and,"Chúa ơi, một buổi chiều bận rộn như thế nào cuộc họp email cuộc họp và email và nhiều cuộc họp PM và ngày vẫn đang đi ah nó tối và",False,False,,,,
pair_00619,pissed coz a friend is to busy to see me day,giận vì một người bạn quá bận để gặp tôi ngày hôm nay,False,False,,,,
pair_01034,icedcoffee they end up back a read only and still the error persists i cant add anything to the library now so cant update my,Icecoffee họ kết thúc trở lại một đọc chỉ và vẫn sai lầm tồn tại tôi không thể thêm bất cứ điều gì vào thư viện bây giờ vì vậy tôi không thể cập nhật của tôi,True,True,,,,
pair_00008,ktml i think it itunes fault i cant download it on my mac now quot store busy quot if you got it anything awesome in the camerakit update,ktml tôi nghĩ đó là lỗi iTunes tôi không thể tải về nó trên máy Mac của tôi bây giờ quot cửa hàng bận quot nếu bạn có nó bất cứ điều gì tuyệt vời trong Camerakit cập nhật,True,True,,,,
pair_00509,depression i love it,trầm cảm. Tôi thích nó.,False,False,,,,
pair_00540,paulcoles hmmm greed is good when it motivates the individual to do better not so much when it take away from others,Paulcoles hmmm tham lam là tốt khi nó thúc đẩy cá nhân để làm tốt hơn không nhiều khi nó lấy đi từ người khác,True,True,,,,
pair_00120,i will say it out loud i miss you a hole and your answer to my iphone question now who will help me upgrade to 0,Tôi sẽ nói với bạn một cách lớn tiếng Tôi nhớ bạn một lỗ và câu trả lời của bạn cho câu hỏi iPhone của tôi bây giờ ai sẽ giúp tôi nâng cấp lên 0,False,False,,,,
pair_00993,longing for yesterday,mong đợi ngày hôm qua,False,False,,,,
pair_01071,sometimes when i close my eye to try to sleep i get this crazy feeling that i can describe closest to be a zap it only last a second second and,Đôi khi khi khi tôi nhắm mắt để cố gắng ngủ tôi có cảm giác điên rồ mà tôi có thể mô tả gần nhất là một Zap nó chỉ kéo dài một giây và,False,False,,,,
pair_00607,got an offer to go camping at fraser island for the weekend would jump on the offer without a nd thought but it s forecast to rain,Tôi đã nhận được lời đề nghị để đi cắm trại ở Fraser Island trong cuối tuần sẽ nhảy vào lời đề nghị mà không nghĩ nhưng dự báo sẽ mưa,True,True,,,,
pair_00193,is pissed off running from that old man who tried too trash our tent ha left me with the battle womb,là giận dữ chạy trốn người già đó đã cố gắng quá rác lác của chúng tôi lều đã để tôi với tử cung chiến đấu,False,False,,,,
pair_00173,i should write an article on what to do if you slip back into depression,Tôi nên viết một bài viết về những gì phải làm nếu bạn rơi vào trầm cảm,False,False,,,,
pair_00034,just had myself a driving lesson went pretty well need to stop crossing my hand over on the wheel apparently though bad time,Tôi chỉ có một bài học lái xe đã đi khá tốt cần phải ngừng vượt qua tay của tôi trên bánh xe rõ ràng mặc dù thời gian xấu,False,False,,,,
pair_00803,desi people will not believe in depression but still say dil kharab ho rha hai,Những người dân của nước này sẽ không tin vào trầm cảm nhưng vẫn nói Dil kharab ho rha hai,True,True,,,,
pair_00218,it too much for me to ask one person in the world to like me,Nó quá nhiều cho tôi để yêu cầu một người trên thế giới thích tôi,False,False,,,,
pair_01088,ha been sick and her back is veryyy bad watching american history x wan na watch american beauty though buy it meeee,Cô ấy đã bị bệnh và lưng cô ấy rất tồi tệ xem lịch sử Mỹ X muốn tôi xem vẻ đẹp Mỹ mặc dù mua nó cho tôieee,False,False,,,,
pair_00441,did quitting nicotine actually help anyone with their anxiety,bỏ nicotine có thực sự giúp bất cứ ai với sự lo lắng của họ,False,False,,,,
pair_00385,marybethune oh no with everything that happened today i forgot we were going dress shopping for the opera tomorrow,Marybethune Oh không với tất cả những gì đã xảy ra hôm nay Tôi quên chúng tôi sẽ đi mua sắm quần áo cho opera ngày mai,True,True,,,,
pair_00893,zaydia but i cant figure out how to get there back pay for a hotel etc,zaydia nhưng tôi không thể tìm ra cách để đến đó trả tiền cho một khách sạn vv,True,True,,,,
pair_00310,hi guy pls who know how to overcome depression i m dying slowly,"Xin chào, anh chàng nào biết làm thế nào để vượt qua trầm cảm. Tôi đang chết chậm.",False,False,,,,
pair_01060,tittch i ll second andrew s suggestion they might fit you in a an emergency chin up thinking of you,Tich Ill thứ hai đề xuất của Andrew họ có thể phù hợp với bạn trong một cái mông khẩn cấp lên nghĩ về bạn,False,False,,,,
pair_00331,shruticute got any web link to it here we only get the hindu and toi,Shruticute có bất kỳ liên kết web nào đến nó ở đây chúng tôi chỉ có Hindu và Toi,False,False,,,,
pair_01095,quot on popular music quot by t w adorno is probably the most difficult reading ever prescribed i m actually struggling to continue,Lời bài hát của T. W. Adorno có lẽ là bài đọc khó khăn nhất mà tôi đã từng được quy định.,False,False,,,,
pair_00280,laurenellise dying from crippling anxiety and depression,Laurellise chết vì lo lắng và trầm cảm tàn tật,False,False,,,,
pair_00262,i know my problem arent a bad and probably much le important and im probably dramatic for feeling this way but please,Tôi biết vấn đề của tôi không phải là một vấn đề tồi tệ và có lẽ rất quan trọng và tôi có thể là kịch tính để cảm thấy như thế nhưng xin hãy,True,True,,,,
pair_00433,nothing freak me out more then when i get that stabbing pain in my chest i m it s my anxiety all my test are good i am healthy dr said many i,Không có gì làm tôi hoảng sợ hơn khi tôi nhận được cơn đau đớn trong ngực tôi m đó là sự lo lắng của tôi tất cả các bài kiểm tra của tôi là tốt tôi khỏe mạnh bác sĩ nói nhiều tôi,True,True,,,,
pair_00393,saidsabristi mhs paris oui mais le gen concern s pour mhs ont litt ralement t d truits bcp d enfants en d pression de parent de enseignants tout,nói rằng các sinh viên ở Paris có thể nhưng các nhà khoa học lo ngại về những sự thật về việc các em bé bị áp lực bởi cha mẹ của giáo viên.,False,False,,,,
pair_00878,amidst the conflict among ukraine and russia in a contention and testing climate when there wa a ton of disturbance doubt disarray and,giữa xung đột giữa Ukraine và Nga trong một cuộc tranh chấp và thử nghiệm khí hậu khi có một tấn rối loạn nghi ngờ hỗn loạn và,False,False,,,,
pair_00342,misstoriblack cool i have no tweet apps for my razr,Miststoriblack Cool Tôi không có ứng dụng tweet cho razr của tôi,True,True,,,,
pair_00867,breezyskies i did the pet course last time i wa in sf ok on theory which i knew not so good on tool what i wa after,Breezyskies Tôi đã làm khóa học thú cưng lần cuối tôi đã ở SF OK về lý thuyết mà tôi biết không tốt về công cụ những gì tôi đã sau,True,True,,,,
pair_00209,everything is still broken,Mọi thứ vẫn bị hỏng.,False,False,,,,
pair_00850,playradioplay that wa so sad and unexpected i totally cried haha,Trò chơi radio đó rất buồn và bất ngờ Tôi đã khóc hoàn toàn haha,False,False,,,,
pair_00222,at work and tired doing report fun no not really,làm việc và mệt mỏi làm báo cáo vui không thực sự không,True,True,,,,
pair_00241,man utd star paul pogba open up on depression battle paul pogba ha http t co dihwtfgf open pogba http t co bsjashbyiu,Man utd star Paul Pogba mở ra trên cuộc chiến trầm cảm Paul Pogba ha http t co dihwtfgf mở pogba http t co bsjashbyiu,False,False,,,,
pair_00551,goodnight everyone well i m not feeling much better and i m going to the doctor tomorrow,Xin chào mọi người. Tôi không cảm thấy tốt hơn nhiều và tôi sẽ đến bác sĩ vào ngày mai.,True,True,,,,
pair_00190,just cause my depression not kicking my as like it use to don t mean i m not still dealing with it,Chỉ vì trầm cảm của tôi không đá tôi như nó đã từng không có nghĩa là tôi vẫn không phải đối phó với nó,True,True,,,,
pair_00278,im thinking abt telling my parent abt everything how i wa molested my ed my sh problem my depression everything,Tôi đang nghĩ rằng Abt nói với cha mẹ tôi Abt mọi thứ như thế nào tôi đã quấy rối Ed của tôi vấn đề của tôi trầm cảm của tôi mọi thứ,False,False,,,,
pair_00050,jonathanrknight silver tulip um that would be a hell no to the fugly poker dog pant on the cruise hi jonathan sorry i missed you,JonathanRknight Silver tulip Um đó sẽ là một địa ngục không cho vớ vẩn poker chó quần trên chuyến du lịch Hi Jonathan xin lỗi tôi đã bỏ lỡ bạn,True,True,,,,
pair_00885,gossipmail i make people forget they have problem i depress depression,Tin đồn tôi làm cho mọi người quên rằng họ có vấn đề tôi trầm cảm trầm cảm,False,False,,,,
pair_00178,pogba sur son niveau catastrophique c tait mourinho quand jos est partie il mets a sur le compte de la d pression mdrrr,Pogba trên cấp độ thảm khốc của ông Mourinho khi ông là một thành viên ông đặt ra một số lượng lớn của áp lực mdrrr,False,False,,,,
pair_00553,cnn in term of immune system depression,cnn trong thuật ngữ trầm cảm hệ thống miễn dịch,False,False,,,,
pair_00349,so here i am at a baby shower only person i know is the expectant mom sitting at a table by myself i hate event like this,"Vì vậy, đây tôi đang ở một bữa tiệc sinh con người người duy nhất tôi biết là mẹ mong đợi ngồi tại một bàn một mình tôi ghét sự kiện như thế này",False,False,,,,
pair_00441,seamonkey i am on a healthy eating kick i could only have shetland pony,Seamonkey Tôi đang ăn uống lành mạnh Tôi chỉ có thể có một con ngựa Shetland,False,False,,,,
pair_00525,mikebreed it all up to u mike i understand what you say but i think it u that need to change my opinion but yours is good too lol,Mikebreed tất cả lên đến u mike tôi hiểu những gì bạn nói nhưng tôi nghĩ rằng nó u cần thay đổi ý kiến của tôi nhưng của bạn là tốt quá lol,False,False,,,,
pair_00165,our sweet little man just fell asleep while waiting up for daddy and big brother to get home poor baby he missed them so much today,Người đàn ông nhỏ bé của chúng ta vừa ngủ trong khi chờ đợi cha và anh trai về nhà em bé tội nghiệp anh ấy nhớ họ quá nhiều hôm nay,False,False,,,,
pair_00865,is sooo proud with her bro huhu he s so talentfull i wish i could do best like him,Anh ấy rất tài năng. Tôi ước tôi có thể làm tốt nhất như anh ấy.,False,False,,,,
pair_00175,skynews jayneseckersky rishisunak there are two meaning for depression and we are heading for both,Skynews Jayneseckersky rishisunak có hai ý nghĩa cho trầm cảm và chúng ta đang hướng tới cả hai.,False,False,,,,
pair_00457,worked his heart out today doubling my weight at each station result stiff and pulled muscle ouch,làm việc trái tim của mình ra hôm nay tăng gấp đôi trọng lượng của tôi tại mỗi trạm kết quả cứng và kéo cơ hoặc,False,False,,,,
pair_00424,damn i m missing twitter have been very busy off late and have not got enuff time to be active on twitter missing all d action,Chết tiệt tôi nhớ twitter đã rất bận rộn và không có thời gian để hoạt động trên twitter bỏ lỡ tất cả các hành động,True,True,,,,
pair_00516,i m yet thinking of earthquake in abruzzo italy,"Tôi vẫn nghĩ về trận động đất ở Abruzzo, Ý.",False,False,,,,
pair_00980,all time henry kb9 platini zidane kopa juste ce noms le mette en d pression,Tất cả thời gian Henry kb9 platini zidane kopa juste ce noms le mettre en d pression,False,False,,,,
pair_00558,body of missing northern calif girl found police have found the remains of a missing northern california girl http tr im imji,Thi thể của một cô gái mất tích ở miền bắc California được tìm thấy. Cảnh sát đã tìm thấy xác của một cô gái mất tích ở miền bắc California.,False,False,,,,
pair_00596,allt jag tweetar om r jobbet bus 9 och depression d h r e s sorgligt,Tất cả mọi thứ tôi viết trên Twitter về công việc 9 và trầm cảm,False,False,,,,
pair_00463,over year my ex husband waited to find out if this wa going to court in the process he lost his business his taxi licence and his home he began,hơn một năm chồng cũ của tôi đã chờ đợi để tìm ra nếu điều này đã đi đến tòa án trong quá trình ông đã mất kinh doanh của mình giấy phép taxi và nhà của mình ông bắt đầu,False,False,,,,
pair_00585,assuming you werent feeling better when you were taking them,Giả sử bạn không cảm thấy tốt hơn khi bạn đang dùng chúng,True,True,,,,
pair_01015,what is the longest youall have gone without anxiety,Đã bao lâu rồi các anh không lo lắng?,True,True,,,,
pair_00842,mother depression arc,vòng tròn trầm cảm mẹ,False,False,,,,
pair_00634,i have been caught in a cycle of depression v being hyper active it is a struggle to stay focused in either of those state of being doe anyone,Tôi đã bị mắc kẹt trong một chu kỳ trầm cảm v là siêu hoạt động đó là một cuộc đấu tranh để giữ được tập trung trong bất kỳ trạng thái đó của làm bất cứ ai,False,False,,,,
pair_00963,shrooms and chocolate bar edible good for depression and anxiety ht http t co dz9jxhaant,Nấm và thanh sô cô la ăn uống tốt cho trầm cảm và lo lắng,False,False,,,,
pair_00741,anapata depression juu ya nike sneaker,Anapata trầm cảm trên giày thể thao Nike,False,False,,,,
pair_00611,carvin lol they are some emotional as men omg all this late night eating both of u are broke,Carvin lol họ có một số cảm xúc như đàn ông OMG tất cả đêm muộn ăn cả hai bạn đang phá sản,False,False,,,,
pair_00308,depressed our new app s alpha 0 0 0 is now even more complex than our last app s version 9 i long for those small dev team day,ứng dụng mới của chúng tôi Alpha 0 0 0 bây giờ thậm chí còn phức tạp hơn so với phiên bản 9 của ứng dụng trước tôi mong đợi cho những ngày nhóm phát triển nhỏ,False,False,,,,
pair_00757,we play the game of love to avoid depression,Chúng ta chơi trò chơi tình yêu để tránh trầm cảm,False,False,,,,
pair_00180,cocomix0 ill tell ya the story later not a good day and ill be workin for like three more hour,Cocomix0 không thể kể câu chuyện cho bạn sau đó không tốt một ngày và không thể làm việc thêm ba giờ nữa,True,True,,,,
pair_01027,rustyrockets do i sense a blog coming on too bad i have to leave in like 0 min xxx,Rustyrockets tôi cảm thấy một blog đang đến quá tệ tôi phải rời đi trong khoảng 0 phút xxx,False,False,,,,
pair_00876,internetumpire ipave depression kudukaadha ne just live the moment still chepauk la than last match nu nambuvom,Internet Empire ipave trầm cảm kudukaadha ne chỉ sống khoảnh khắc vẫn chepauk la than trận đấu cuối cùng nu nambuvom,False,False,,,,
pair_01052,want quot someone quot to come over here,Tôi muốn có ai đó đến đây.,False,False,,,,
pair_00900,opening a partially frozen beer beer on the toaster under the oven and all over the counter the kitchen smell like we run a speakeasy,mở một bia đóng băng một phần trên máy nướng bánh dưới lò và trên toàn bộ bàn bếp mùi như chúng tôi chạy một Speakeasy,False,False,,,,
pair_00557,where s derrick http ff im xwxs,nơi s derrick http ff im xwxs,False,False,,,,
pair_00101,ib nji yeh i know but it wasnt on the showbags list in the paper the other day i heard that they are broadcasting from the show on thurs,Tôi biết nhưng nó không có trong danh sách showbags trong báo ngày hôm qua tôi nghe rằng họ đang phát sóng từ chương trình trên Thurs,True,True,,,,
pair_00305,finally home from work,Cuối cùng về nhà từ công việc.,False,False,,,,
pair_00261,nevada is really long and the gas pump are down but on a good note i just won in a slot machine i love to gamble,Nevada là thực sự dài và máy bơm xăng xuống nhưng trên một ghi chú tốt tôi vừa giành chiến thắng trong một máy đánh bạc tôi thích đánh bạc,False,False,,,,
pair_00975,chrisexcel 0 hayi suka man you ll give him a depression,Anh sẽ khiến anh ta trầm cảm.,False,False,,,,
pair_00292,happy birthday jaime loveyou lt officially screwed right now midterm quiz project and 00 page book shoot me please,Happy Birthday Jaime love you Nó chính thức đéo ngay bây giờ dự án bài kiểm tra trung học và sách 00 trang bắn tôi xin vui lòng,False,False,,,,
pair_00775,wtf are we doing here,WTF chúng ta đang làm ở đây,False,False,,,,
pair_01077,dmurr emotional stability it will cater to a lot of depression and suicidal situation,Dmurr ổn định cảm xúc nó sẽ phục vụ cho rất nhiều trầm cảm và tình huống tự tử,False,False,,,,
pair_00206,how doe your anxiety manifest itself when you are having severe anxiety,làm thế nào để sự lo lắng của bạn thể hiện ra khi bạn đang có sự lo lắng nặng nề,False,False,,,,
pair_00426,t i just asked my friend what piglet wa winnie the pooh seriously guy what is it,Tôi vừa hỏi bạn của tôi con lợn nào đó Winnie Pooh nghiêm túc chàng trai đó là gì,False,False,,,,
pair_00275,gooood mooorning world i had a dream last night i fucked my knee again def need to kick start my strengthening ready for bournemouth s,Tôi đã có một giấc mơ tối qua Tôi đã làm mẹo đầu gối của tôi một lần nữa Def cần đá bắt đầu tăng cường của tôi sẵn sàng cho Bournemouth,False,False,,,,
pair_00280,hate hearing his girl being ill nothing i can do though,Tôi ghét nghe thấy cô gái của anh ta bị bệnh không có gì tôi có thể làm được mặc dù,True,True,,,,
pair_00418,how do you guy deal with depression other than avoiding it i can t keep this up lol sleeping is my only coping mechanism and it s not a good one,Làm thế nào bạn đối phó với trầm cảm ngoài việc tránh nó tôi không thể tiếp tục điều này lol ngủ là cơ chế giải quyết duy nhất của tôi và nó không phải là một tốt,True,True,,,,
pair_00829,my bathtub drain is fired it haz job do amp it iz fail i got all drano on it as amp iz still not draining i wan na shower dangit,Thủy thoát nước bồn tắm của tôi đã bị phá hủy nó làm công việc nguy hiểm làm nó làm nó thất bại tôi có tất cả các drano trên nó như là amp vẫn không thoát nước tôi muốn một phòng tắm Dangit,True,True,,,,
pair_00901,is feeling weird today happy and sad at the same time and missing my people from italy ilyyy lt,Hôm nay cảm thấy lạ lùng hạnh phúc và buồn cùng lúc và nhớ những người của tôi từ Ý.,False,False,,,,
pair_00345,very tired this morning no idea why great start to the day,Tôi rất mệt mỏi sáng nay. Tôi không biết tại sao ngày bắt đầu rất tốt.,True,True,,,,
pair_00005,je t ai sauv de la rue tu l a sauv de la d pression,Je t'ai sauv de la rue Tu l'ai sauv de la pression,False,False,,,,
pair_00588,deltawgmi for my depression,Deltawgmi cho trầm cảm của tôi,False,False,,,,
pair_00742,hi there i am someone who suffers from health anxiety in the past month it started the day after two terrible thing happened to me my dog who i,Hi đó tôi là một người bị lo lắng về sức khỏe trong tháng qua nó bắt đầu một ngày sau hai điều khủng khiếp đã xảy ra với tôi con chó của tôi,False,False,,,,
pair_00724,when i tried to km the second time what stopped me wa a terror unlike anything i have felt before i ve been planning an overdose for a while now,Khi tôi cố gắng để km lần thứ hai điều gì đã ngăn tôi một nỗi sợ hãi khác với bất cứ điều gì tôi đã cảm thấy trước khi tôi đã lên kế hoạch một liều quá liều trong một thời gian bây giờ,False,False,,,,
pair_01021,late night snack glass of oj b c i m quot down with the sickness quot then back to sleep ugh i hate getting sick,Đêm muộn bữa ăn nhẹ một ly OJ B C C I M xuống với bệnh Quo rồi quay lại ngủ Ugh tôi ghét bị bệnh,False,False,,,,
pair_00294,cyantificnhs ball although without the tune it s just a holiday then,Ball của nhà khoa học mặc dù mà không có giai điệu đó chỉ là một kỳ nghỉ sau đó,True,True,,,,
pair_00401,i smell depression collab here,Tôi ngửi thấy mùi trầm cảm Collab ở đây,False,False,,,,
pair_00779,cheechbud i think ur right hahaha hr now,Cheechbud tôi nghĩ là bạn đúng hahaha hr bây giờ,False,False,,,,
